primeiro_nome,sobrenome,email,idade,genero,username,password
Arin, Sjøvold, arin.sjovold@example.com, 49, male, bigfish836, work
Valeria, Streekstra, valeria.streekstra@example.com, 51, female, smallostrich900, finger
Consulino, Ferreira, consulino.ferreira@example.com, 75, male, purplewolf959, blaster
Koray, Hamzaoğlu, koray.hamzaoglu@example.com, 32, male, crazytiger878, scotty
Bianca, Steinsland, bianca.steinsland@example.com, 23, female, smallgoose144, seattle
Anna, Stevens, anna.stevens@example.com, 60, female, heavyfish758, jimmy
Jack, Harcourt, jack.harcourt@example.com, 56, male, purpletiger600, raven1
Nicole, Horton, nicole.horton@example.com, 64, female, beautifullion865, guido
Lincoln, Lewis, lincoln.lewis@example.com, 57, male, sadbird391, tech
Marinice, Souza, marinice.souza@example.com, 57, female, smalllion863, dnsadm
Michal, Vidal, michal.vidal@example.com, 24, male, whitemouse915, carrera
Titouan, Roche, titouan.roche@example.com, 68, male, bigswan479, stanford
Friedemann, Wehr, friedemann.wehr@example.com, 44, male, silverlion445, ou8123
Charles, Singh, charles.singh@example.com, 64, male, blacksnake987, insertions
سارینا, رضایی, sryn.rdyy@example.com, 74, female, silverdog473, pimp
ماهان, سهيلي راد, mhn.shylyrd@example.com, 39, male, blackbear580, jean
Grzegorz, Kley, grzegorz.kley@example.com, 30, male, crazyfrog574, bennett
Jordan, White, jordan.white@example.com, 25, male, brownkoala285, diego
Vernon, Morales, vernon.morales@example.com, 44, male, sadzebra768, corsair
Ceyhun, Erberk, ceyhun.erberk@example.com, 42, male, crazyswan381, dinner
Johannes, Philippo, johannes.philippo@example.com, 59, male, heavyfrog820, superior
Nevaeh, Clarke, nevaeh.clarke@example.com, 39, female, tinyrabbit283, second
Thibault, Caron, thibault.caron@example.com, 41, male, yellowbird310, hamish
Jimi, Wirtanen, jimi.wirtanen@example.com, 56, male, redrabbit554, joe123
Eugene, Obrien, eugene.obrien@example.com, 67, male, greenlion908, peace
Anna, Suarez, anna.suarez@example.com, 31, female, heavyswan639, seductive
Miguel, Pierce, miguel.pierce@example.com, 25, male, blueelephant563, extra
Eirin, Sortland, eirin.sortland@example.com, 59, female, smallelephant492, 789987
Gilberto, Carvalho, gilberto.carvalho@example.com, 53, male, ticklishpanda896, anchor
Lonnie, Palmer, lonnie.palmer@example.com, 33, male, bigpeacock413, softball
Laurie, Griffin, laurie.griffin@example.com, 68, female, angrycat248, generic
Clara, Gomez, clara.gomez@example.com, 49, female, greenlion745, carmel
Georgia, Lewis, georgia.lewis@example.com, 36, female, beautifulbutterfly605, invest
Wendy, Graham, wendy.graham@example.com, 74, female, blackkoala635, isabel
Iker, Santana, iker.santana@example.com, 29, male, yellowpanda738, flanker
هستی, کوتی, hsty.khwty@example.com, 70, female, goldenfish786, 484848
Noé, Girard, noe.girard@example.com, 31, male, tinygorilla356, neutron
Carmen, Eira, carmen.eira@example.com, 38, female, whitemouse557, praise
Dino, Budde, dino.budde@example.com, 29, male, angrydog914, sylveste
Daniela, Freitag, daniela.freitag@example.com, 54, female, bigleopard841, redsox
Emma, Ennis, emma.ennis@example.com, 61, female, purplecat682, 1230
Sheila, Chapman, sheila.chapman@example.com, 53, female, redpeacock626, dale
Louis, Lemaire, louis.lemaire@example.com, 63, male, tinylion916, topher
Jackson, Kumar, jackson.kumar@example.com, 26, male, orangetiger881, integra
Karen, Watson, karen.watson@example.com, 69, female, greenmeercat339, ladyboy
Hamza, Skjerping, hamza.skjerping@example.com, 32, male, sadfish284, summer1
Anneline, Rinkel, anneline.rinkel@example.com, 66, female, bigbutterfly665, corwin
آرمیتا, کریمی, armyt.khrymy@example.com, 25, female, yellowostrich367, charles1
Kathy, Pena, kathy.pena@example.com, 44, female, ticklishcat784, wizard1
Witold, Felber, witold.felber@example.com, 31, male, angrygoose166, jolene
Nurdan, Okumuş, nurdan.okumus@example.com, 57, female, redcat551, jjjjjjjj
الینا, محمدخان, lyn.mhmdkhn@example.com, 34, female, smallpanda119, junior1
Laura, Suarez, laura.suarez@example.com, 55, female, orangemouse744, payton
Madison, Smith, madison.smith@example.com, 58, female, yellowfish330, celeste
Begüm, Paksüt, begum.paksut@example.com, 23, female, beautifulgorilla659, peanut1
Jerome, Bennett, jerome.bennett@example.com, 41, male, heavyfish100, joyjoy
Sylvain, Giraud, sylvain.giraud@example.com, 51, male, angrywolf983, bollocks
Magnus, Dassen, magnus.dassen@example.com, 61, male, yellowbutterfly583, enrico
Oya, Karaböcek, oya.karabocek@example.com, 47, female, silverbear908, bulls
Ercan, Rohloff, ercan.rohloff@example.com, 45, male, goldenpanda229, xander
رادین, گلشن, rdyn.glshn@example.com, 24, male, yellowlion123, texas1
Sara, Freeman, sara.freeman@example.com, 37, female, heavyrabbit688, soprano
Helmi, Annala, helmi.annala@example.com, 41, female, brownrabbit904, hookem
Bobbie, Howell, bobbie.howell@example.com, 70, female, goldenrabbit423, jedi
Alexia, Clement, alexia.clement@example.com, 61, female, brownbear251, smokey
David, Arnaud, david.arnaud@example.com, 51, male, silverfish307, dale
Mia, Palmer, mia.palmer@example.com, 56, female, happytiger535, tabitha
Willy, Schmitt, willy.schmitt@example.com, 69, male, crazymeercat754, zach
Bartha, Tijsma, bartha.tijsma@example.com, 59, female, brownpanda905, 0007
Oscar, Blanchard, oscar.blanchard@example.com, 42, male, organicduck653, beetle
Joshua, Carlson, joshua.carlson@example.com, 50, male, redbutterfly621, 147147
Alex, Li, alex.li@example.com, 46, male, organiclion723, feeling
Noah, Pelletier, noah.pelletier@example.com, 72, male, tinyostrich202, albert
Grace, Smith, grace.smith@example.com, 50, female, bigsnake406, babyblue
Nora, Friis, nora.friis@example.com, 68, female, smallmeercat912, geneva
Gilciane, Gonçalves, gilciane.goncalves@example.com, 46, female, happybutterfly472, 5555555
Rasmus, Neva, rasmus.neva@example.com, 36, male, blackrabbit519, madmad
Iker, Montero, iker.montero@example.com, 57, male, brownkoala356, flexible
Önal, Durak, onal.durak@example.com, 71, male, yellowwolf817, sting
Tim, Myers, tim.myers@example.com, 60, male, bluefrog347, mouth
Arieta, Barbosa, arieta.barbosa@example.com, 49, female, sadleopard485, gustav
Storm, Thomsen, storm.thomsen@example.com, 36, male, lazywolf454, erin
Laly, Deschamps, laly.deschamps@example.com, 52, female, orangeostrich950, tricky
Violet, Hicks, violet.hicks@example.com, 64, female, happyladybug790, stewart
Emily, Steward, emily.steward@example.com, 65, female, yellowwolf170, smashing
Gertrude, Watson, gertrude.watson@example.com, 72, female, whitebear683, 336699
یسنا, محمدخان, ysn.mhmdkhn@example.com, 72, female, sadladybug742, windows1
Silvano, da Rosa, silvano.darosa@example.com, 60, male, whitetiger452, filter
Charly, Rey, charly.rey@example.com, 57, male, angrydog525, rams
Ivone, Nogueira, ivone.nogueira@example.com, 51, female, happycat752, tito
Federica, Pierre, federica.pierre@example.com, 54, female, smallpanda838, marina
Luukas, Tuomala, luukas.tuomala@example.com, 33, male, tinyswan515, modelsne
Jon, Javed, jon.javed@example.com, 29, male, whitebear162, hope
Viivi, Haataja, viivi.haataja@example.com, 22, female, bigduck341, cash
Neea, Eskola, neea.eskola@example.com, 31, female, bluedog974, dodgeram
Jens-Peter, Adolf, jens-peter.adolf@example.com, 26, male, tinymeercat699, blueboy
Olga, Martinez, olga.martinez@example.com, 49, female, sadfrog154, 123321
Kathy, Boyd, kathy.boyd@example.com, 68, female, organicswan467, jennaj
Jean-Louis, Brun, jean-louis.brun@example.com, 75, male, heavyzebra737, duke
Humphrey, Bonhof, humphrey.bonhof@example.com, 71, male, organickoala622, calico
Vilator, Monteiro, vilator.monteiro@example.com, 36, male, tinyelephant618, terrell
Sofie, Jørgensen, sofie.jorgensen@example.com, 43, female, organicmouse584, 654321
Onni, Laurila, onni.laurila@example.com, 46, male, ticklishpanda775, ducks
Matilda, Niskanen, matilda.niskanen@example.com, 72, female, tinyzebra330, skywalke
آوینا, قاسمی, awyn.qsmy@example.com, 45, female, orangepeacock934, mario
Mylan, Dupuis, mylan.dupuis@example.com, 73, male, goldenbird170, bbbbbbb
Anna, Ortiz, anna.ortiz@example.com, 38, female, blueelephant350, dexter
Jay, Gibson, jay.gibson@example.com, 58, male, whitecat418, throat
Alyssa, Weaver, alyssa.weaver@example.com, 60, female, crazysnake672, streets
Karen, Wood, karen.wood@example.com, 39, female, bigwolf828, radiohea
Adam, Hansen, adam.hansen@example.com, 60, male, ticklishpanda381, nick
Eetu, Jokela, eetu.jokela@example.com, 67, male, heavymeercat459, xiong
Yusuf, Bruun, yusuf.bruun@example.com, 62, male, happyladybug900, corndog
Sara, Nordskog, sara.nordskog@example.com, 57, female, purplelion650, martina
Alan, Van Peer, alan.vanpeer@example.com, 49, male, ticklishmeercat150, 2112
Luis, Ramos, luis.ramos@example.com, 39, male, goldenswan319, sail
Viridiana, Dias, viridiana.dias@example.com, 72, female, brownladybug428, nickel
Alfons, Harrer, alfons.harrer@example.com, 41, male, reddog975, saleen
Olivia, Andersen, olivia.andersen@example.com, 41, female, crazyswan521, ramones
Katarina, Andre, katarina.andre@example.com, 64, female, blackmeercat292, dani
Levi, Wang, levi.wang@example.com, 66, male, purplekoala113, balloon
Diana, Thomas, diana.thomas@example.com, 64, female, crazykoala249, 159753
Samu, Pakkala, samu.pakkala@example.com, 45, male, sadleopard694, mohamed
Ray, Lane, ray.lane@example.com, 67, male, bluepanda626, raistlin
Ida, Smith, ida.smith@example.com, 75, female, goldencat218, newpass
Felix, Jørgensen, felix.jorgensen@example.com, 38, male, tinycat844, maestro
Lesa, Armstrong, lesa.armstrong@example.com, 73, female, blackkoala872, 789987
Uriel, da Rocha, uriel.darocha@example.com, 69, male, angrylion781, 1011
Nanna, Kristensen, nanna.kristensen@example.com, 51, female, bigduck582, greenday
Maëlyne, Dumont, maelyne.dumont@example.com, 45, female, greensnake222, criminal
Brielle, Barnaby, brielle.barnaby@example.com, 24, female, purplewolf836, 1a2b3c4d
Andrea, Nieto, andrea.nieto@example.com, 34, female, orangerabbit309, emmett
Lola, Howard, lola.howard@example.com, 65, female, blueladybug678, guai
Linnea, Takala, linnea.takala@example.com, 58, female, angrysnake710, lights
Annie, Fuller, annie.fuller@example.com, 46, female, crazyzebra813, bruno
Justin, Ennis, justin.ennis@example.com, 24, male, organicleopard429, scarface
Ian, Mason, ian.mason@example.com, 44, male, tinyrabbit306, bulldog1
Sonia, Lex, sonia.lex@example.com, 72, female, redladybug741, callum
Babür, Doğan, babur.dogan@example.com, 61, male, orangebear831, graves
Domenica, Rey, domenica.rey@example.com, 27, female, tinytiger736, lane
Lewis, Walker, lewis.walker@example.com, 58, male, sadladybug175, boys
Oxana, Weingärtner, oxana.weingartner@example.com, 42, female, tinyrabbit815, eleven
Danniek, Akkaya, danniek.akkaya@example.com, 71, female, lazymeercat380, beta
Emre, Okumuş, emre.okumus@example.com, 50, male, bigwolf125, babybaby
Alexander, Hall, alexander.hall@example.com, 36, male, bluedog851, dreams
Anton, Nevala, anton.nevala@example.com, 62, male, orangeleopard770, test123
Aquil, da Rosa, aquil.darosa@example.com, 68, male, ticklishladybug292, install
Mathea, Suhr, mathea.suhr@example.com, 59, female, smalllion929, corona
Christina, Mccoy, christina.mccoy@example.com, 32, female, happyfish838, driver
Julia, Couri, julia.couri@example.com, 49, female, angrygorilla973, passat
Laura, Møller, laura.moller@example.com, 35, female, bigduck861, films+pic+galeries
Rocio, Castro, rocio.castro@example.com, 56, female, tinylion170, zidane
Joe, Hall, joe.hall@example.com, 28, male, ticklishmeercat892, hookers
Nathan, Haddeland, nathan.haddeland@example.com, 36, male, greenwolf257, links
Franca, Duval, franca.duval@example.com, 25, female, blackduck449, 8j4ye3uz
Jayden, Olufsen, jayden.olufsen@example.com, 67, male, heavygoose148, blackman
رضا, رضاییان, rd.rdyyn@example.com, 58, male, browngoose935, yeah
Ali, Mayhoş, ali.mayhos@example.com, 30, male, brownduck515, beacon
Lionel, Weise, lionel.weise@example.com, 42, male, angryrabbit677, cohiba
James, Vidal, james.vidal@example.com, 39, male, angryzebra819, cosmos
Jimmie, Ferguson, jimmie.ferguson@example.com, 40, male, bigleopard920, cherry
Victoria, Andersen, victoria.andersen@example.com, 65, female, goldenfish922, passion
Tammy, Lowe, tammy.lowe@example.com, 63, female, ticklishsnake749, womans
Esteban, Esteban, esteban.esteban@example.com, 69, male, goldenbutterfly346, tommy1
Desi, Kolthof, desi.kolthof@example.com, 45, female, brownbutterfly274, 1969
Quaresma, Sales, quaresma.sales@example.com, 44, male, bigwolf886, will
Anika, Bergemann, anika.bergemann@example.com, 40, female, smallbird395, melrose
Erika, Ganter, erika.ganter@example.com, 42, female, orangeswan455, ting
Renate, Van Krugten, renate.vankrugten@example.com, 22, female, bluecat462, myspace1
Leo, Leppo, leo.leppo@example.com, 22, male, whitekoala605, bunghole
Airumã, Silveira, airuma.silveira@example.com, 71, female, greenrabbit758, painter
Victoria, Pascual, victoria.pascual@example.com, 33, female, organictiger387, flamingo
Sofia, Jacobs, sofia.jacobs@example.com, 34, female, whitedog887, trigger
Rhonda, Flores, rhonda.flores@example.com, 29, female, redladybug137, chill
Majida, Louter, majida.louter@example.com, 35, female, heavydog437, bradford
Hayley, Edwards, hayley.edwards@example.com, 23, female, whitepeacock468, vette
Trinidad, Sanchez, trinidad.sanchez@example.com, 75, female, browngorilla499, thumb
Gabriele, Durand, gabriele.durand@example.com, 63, female, organicbear608, twat
Tom, Mendoza, tom.mendoza@example.com, 27, male, brownbear791, space
Évelyne, Rolland, evelyne.rolland@example.com, 61, female, angrybear456, smurf
Herkus, Rogstad, herkus.rogstad@example.com, 26, male, blackkoala865, mariner
Aleksi, Justi, aleksi.justi@example.com, 53, male, bigmeercat647, cumslut
Fernanda, Meunier, fernanda.meunier@example.com, 44, female, smalldog904, wild
Judith, Ward, judith.ward@example.com, 50, female, bigladybug345, brains
Raimundo, Fogaça, raimundo.fogaca@example.com, 52, male, orangeladybug787, astros
Léa, Louis, lea.louis@example.com, 49, female, silverbear982, boiler
Lincoln, Robinson, lincoln.robinson@example.com, 37, male, ticklishswan598, coolcool
Phoebe, Jones, phoebe.jones@example.com, 25, female, orangeostrich665, wookie
یاسمین, نجاتی, ysmyn.njty@example.com, 41, female, greencat346, kojak
Claudio, Schott, claudio.schott@example.com, 38, male, happygorilla658, johngalt
Kasper, Jensen, kasper.jensen@example.com, 53, male, sadgorilla360, printing
کیانا, پارسا, khyn.prs@example.com, 46, female, bigdog869, 292929
Justine, Dumas, justine.dumas@example.com, 54, female, goldendog631, chevys
Annabelle, Andersen, annabelle.andersen@example.com, 35, female, ticklishbutterfly429, brian
Noah, Shaw, noah.shaw@example.com, 33, male, crazybear473, eight
Blanca, Herrero, blanca.herrero@example.com, 23, female, ticklishduck612, 676767
Isabella, Brooks, isabella.brooks@example.com, 61, female, happybird407, alexande
Liam, Bryant, liam.bryant@example.com, 43, male, heavyswan182, lakers
Mads, Madsen, mads.madsen@example.com, 56, male, bluegorilla888, wolves
Dwayne, Kelly, dwayne.kelly@example.com, 37, male, orangemeercat874, pretty
بنیامین, پارسا, bnymyn.prs@example.com, 66, male, blackrabbit718, hihihi
Rafael, Hooiveld, rafael.hooiveld@example.com, 64, male, browntiger234, checkers
Max, Olson, max.olson@example.com, 22, male, redduck987, monsters
Nicklas, Christensen, nicklas.christensen@example.com, 74, male, blackpeacock192, bigdog1
Sophie, Petit, sophie.petit@example.com, 72, female, heavybutterfly348, potter
Henry, Gordon, henry.gordon@example.com, 75, male, silverfish461, mmmmmmmm
Julie, Woods, julie.woods@example.com, 35, female, beautifulleopard211, flower
Vanessa, Morris, vanessa.morris@example.com, 52, female, yellowkoala416, danielle
Ali, Küçükler, ali.kucukler@example.com, 75, male, greenfish997, vette
Carmen, Denis, carmen.denis@example.com, 58, female, brownbird829, vintage
Sofia, Hunter, sofia.hunter@example.com, 44, female, greenelephant439, hallowee
Hatice, Vollenbroek, hatice.vollenbroek@example.com, 60, female, ticklishgoose515, walker
Valtteri, Kangas, valtteri.kangas@example.com, 56, male, smallmeercat501, sirius
Francisca, Reyes, francisca.reyes@example.com, 39, female, crazyduck567, noodle
Ben, Byrd, ben.byrd@example.com, 55, male, crazyfrog129, randy1
Iina, Leppo, iina.leppo@example.com, 36, female, angrykoala672, stephan
فاطمه, کریمی, ftmh.khrymy@example.com, 58, female, organiccat131, sigmar
Olivia, Rajala, olivia.rajala@example.com, 64, female, ticklishrabbit370, julius
Jo, Young, jo.young@example.com, 30, female, goldenmouse104, asdfghjkl
Elvira, Roy, elvira.roy@example.com, 75, female, heavyzebra191, system
Gabor, Krumm, gabor.krumm@example.com, 55, male, happygorilla538, moonligh
Isabelle, Butler, isabelle.butler@example.com, 50, female, yellowwolf987, 333333
Sidónio, Pinto, sidonio.pinto@example.com, 69, male, biggorilla368, quattro
Evangelia, Jesse, evangelia.jesse@example.com, 53, female, yellowbear893, choke
Lawrence, Ellis, lawrence.ellis@example.com, 48, male, sadswan249, sinister
Johnni, Williamson, johnni.williamson@example.com, 52, male, crazyfish898, dixie1
Kristina, Dumas, kristina.dumas@example.com, 28, female, beautifulelephant377, 757575
Efraim, Jaspers, efraim.jaspers@example.com, 40, male, goldenkoala433, perfect1
Larry, Ward, larry.ward@example.com, 66, male, smallbear322, darrel
Buse, Alpuğan, buse.alpugan@example.com, 37, female, yellowfish424, shelly
Lloyd, Stanley, lloyd.stanley@example.com, 53, male, orangebird575, 010101
Eleonora, Guerin, eleonora.guerin@example.com, 52, female, whitegoose408, neng
Kerttu, Neva, kerttu.neva@example.com, 26, female, happyzebra914, macdaddy
بهاره, نكو نظر, bhrh.nkwnzr@example.com, 68, female, heavyleopard859, hetfield
Leroy, Herrera, leroy.herrera@example.com, 24, male, crazypanda961, asdf
Solène, Roger, solene.roger@example.com, 33, female, lazysnake504, capricor
Johanne, Møller, johanne.moller@example.com, 45, female, sadbutterfly244, seth
Jeremy, Perkins, jeremy.perkins@example.com, 34, male, whiteladybug805, charley
Thomas, Thompson, thomas.thompson@example.com, 58, male, sadmeercat754, fingerig
Iwana, Hebels, iwana.hebels@example.com, 60, female, ticklishmouse956, macdaddy
Vedat, Paksüt, vedat.paksut@example.com, 30, male, organicleopard192, danny1
Edward, Wood, edward.wood@example.com, 25, male, yellowelephant246, site
عباس, احمدی, aabs.hmdy@example.com, 27, male, crazyfrog730, chick
Insa, Korth, insa.korth@example.com, 42, female, smallelephant789, 100000
Willie, Perez, willie.perez@example.com, 71, male, redpeacock525, back
Oliver, Tuominen, oliver.tuominen@example.com, 64, male, bigelephant270, cola
Amelia, Lambert, amelia.lambert@example.com, 73, female, heavybear519, internet
Juliette, Gauthier, juliette.gauthier@example.com, 22, female, happyswan680, markie
Inmaculada, Marin, inmaculada.marin@example.com, 43, female, goldenleopard917, feather
Zachary, Ross, zachary.ross@example.com, 43, male, bigbutterfly764, maxim
Ellie, Steward, ellie.steward@example.com, 63, female, bluedog569, driven
Sune, Palm, sune.palm@example.com, 61, male, goldenduck353, achtung
Ramon, Diez, ramon.diez@example.com, 27, male, sadswan710, auto
Sophie, Smith, sophie.smith@example.com, 31, female, smallleopard717, experience
Marie, Larsen, marie.larsen@example.com, 61, female, crazybear136, brain
Tonya, Patterson, tonya.patterson@example.com, 35, female, greenzebra167, lottie
Melinda, Dixon, melinda.dixon@example.com, 53, female, bigpeacock205, lucky7
محمد, نجاتی, mhmd.njty@example.com, 35, male, brownrabbit127, puppies
Cristian, Lefebvre, cristian.lefebvre@example.com, 41, male, whitebird466, lesbians
Julia, Ginnish, julia.ginnish@example.com, 74, female, brownwolf951, diao
Ismail, Kobes, ismail.kobes@example.com, 37, male, yellowlion799, brothers
Jacob, Gagné, jacob.gagne@example.com, 61, male, redladybug482, defender
Jackson, Smith, jackson.smith@example.com, 45, male, whitecat738, director
Daniel, Jensen, daniel.jensen@example.com, 67, male, redkoala615, alone
Minttu, Rajala, minttu.rajala@example.com, 65, female, silvermouse153, packers
Emir, Flem, emir.flem@example.com, 55, male, goldenkoala766, passport
Salazar, Monteiro, salazar.monteiro@example.com, 53, male, redkoala642, swingers
Sander, Kristensen, sander.kristensen@example.com, 66, male, lazypanda801, wwww
Elon, Willekes, elon.willekes@example.com, 37, male, yellowfrog334, pantera1
Nenrode, Pereira, nenrode.pereira@example.com, 41, male, goldenostrich268, pitures
Mario, Nuñez, mario.nunez@example.com, 54, male, tinysnake259, predator
Lilja, Suomi, lilja.suomi@example.com, 38, female, whiteleopard354, 420247
Clem, Oliveira, clem.oliveira@example.com, 57, female, bluelion523, lillian
Brooklyn, Parker, brooklyn.parker@example.com, 22, female, silvermouse238, 646464
Benedita, Pires, benedita.pires@example.com, 53, female, bluepeacock226, nnnnnnn
Tije, Bolding, tije.bolding@example.com, 57, male, ticklishbear458, amateurs
Silje, Pedersen, silje.pedersen@example.com, 24, female, organiczebra434, murphy
Jade, Taylor, jade.taylor@example.com, 70, female, brownleopard826, atlantis
Silke, Madsen, silke.madsen@example.com, 47, female, happymouse620, rookie
Sandra, Lemaire, sandra.lemaire@example.com, 23, female, lazymeercat222, 12345678
Lucien, Roux, lucien.roux@example.com, 53, male, yellowfrog235, preacher
Yanniek, Krikke, yanniek.krikke@example.com, 60, female, greengoose329, norton
ثنا, رضایی, thn.rdyy@example.com, 27, female, bluecat686, darklord
Sebastian, Wood, sebastian.wood@example.com, 52, male, sadpeacock906, stupid1
Tiago, Riviere, tiago.riviere@example.com, 66, male, goldenbear294, springer
Ali, Ağaoğlu, ali.agaoglu@example.com, 45, male, happycat361, 0123
Xênia, Jesus, xenia.jesus@example.com, 64, female, yellowladybug506, darlene
Benjamin, Petersen, benjamin.petersen@example.com, 55, male, sadcat434, kuang
Lance, Mason, lance.mason@example.com, 40, male, smallwolf269, shane
Charlene, Barbosa, charlene.barbosa@example.com, 33, female, heavybutterfly553, college
Alexander, Green, alexander.green@example.com, 55, male, beautifulelephant792, 1q2w3e4r
Ece, Demirel, ece.demirel@example.com, 25, female, bigmouse618, fishon
Reem, Uljee, reem.uljee@example.com, 59, female, organicleopard425, jordan23
Meral, Körmükçü, meral.kormukcu@example.com, 64, female, redgorilla692, snowboard
Sammy, Harrison, sammy.harrison@example.com, 66, male, heavyleopard440, films+pic+galeries
Tahir, Dekker, tahir.dekker@example.com, 37, male, heavyduck993, houhou
Uilian, Pereira, uilian.pereira@example.com, 41, male, greenfish521, leeann
Isabelle, Taylor, isabelle.taylor@example.com, 69, female, blackfrog122, belly
Rosa, Johansen, rosa.johansen@example.com, 48, female, bluefish935, ruby
Jayden, Farragher, jayden.farragher@example.com, 22, male, tinybutterfly967, bunny1
Storm, Petersen, storm.petersen@example.com, 48, male, beautifultiger435, kristy
Billy, Riley, billy.riley@example.com, 75, male, redmouse253, hollie
Lino, Robert, lino.robert@example.com, 36, male, silverfish234, building
Julian, Gutierrez, julian.gutierrez@example.com, 48, male, happyleopard810, jeffrey
Arlo, Zhang, arlo.zhang@example.com, 67, male, crazypanda710, mack
Alexander, Sørensen, alexander.sorensen@example.com, 56, male, smallfrog471, kodiak
Irma, Cox, irma.cox@example.com, 33, female, brownmeercat126, marie
Vicki, Douglas, vicki.douglas@example.com, 30, female, redmouse287, carol
Hanna, Durand, hanna.durand@example.com, 49, female, bigmouse812, sparrow
Nick, May, nick.may@example.com, 32, male, yellowduck574, stream
Zachary, Wright, zachary.wright@example.com, 76, male, organiclion818, pickup
Pernille, Marcussen, pernille.marcussen@example.com, 29, female, greenbear831, camp
Jimi, Marttila, jimi.marttila@example.com, 46, male, crazybear680, frances
Marie, Jørgensen, marie.jorgensen@example.com, 49, female, bigduck807, 1942
Matthias, Holmstrøm, matthias.holmstrom@example.com, 28, male, smallcat726, 474747
Amandine, Simon, amandine.simon@example.com, 28, female, silverlion324, jackpot
Angela, Saez, angela.saez@example.com, 68, female, bigkoala890, ulysses
Lauren, Harper, lauren.harper@example.com, 76, female, happyelephant506, stolen
Are, Mehl, are.mehl@example.com, 35, male, heavymeercat913, 420247
Nívia, da Mota, nivia.damota@example.com, 52, female, greenleopard925, 313131
Maddison, Richardson, maddison.richardson@example.com, 51, female, blackzebra503, blonds
Marshall, Vasquez, marshall.vasquez@example.com, 48, male, ticklishladybug580, finance
Robert-Jan, Sijtsma, robert-jan.sijtsma@example.com, 65, male, whitebutterfly485, cooler
Vildan, Velioğlu, vildan.velioglu@example.com, 64, female, sadswan712, dreams
Eléna, Nguyen, elena.nguyen@example.com, 73, female, whitebird658, customer
Aubree, Ambrose, aubree.ambrose@example.com, 61, female, redgoose996, grand
Consuelo, Ferrer, consuelo.ferrer@example.com, 26, female, crazygorilla206, invest
Astrid, Girard, astrid.girard@example.com, 25, female, happykoala882, richards
Julie, Carlson, julie.carlson@example.com, 60, female, brownswan989, zang
Nuri, Coumans, nuri.coumans@example.com, 47, male, bluelion735, secrets
Helmi, Heikkinen, helmi.heikkinen@example.com, 74, female, beautifulgorilla505, mitchell
Jerome, Shaw, jerome.shaw@example.com, 51, male, silvertiger227, br549
Concetta, Francois, concetta.francois@example.com, 52, female, blackostrich533, mizuno
Sophie, Harcourt, sophie.harcourt@example.com, 60, female, sadfish973, roland
Marcos, Dumas, marcos.dumas@example.com, 73, male, angrybird789, 20202020
Marco, Garcia, marco.garcia@example.com, 31, male, heavyladybug554, midori
Charlotte, Ambrose, charlotte.ambrose@example.com, 46, female, whiteswan899, pudding
Catherine, Lucas, catherine.lucas@example.com, 24, female, ticklishladybug376, stumpy
Sinaida, Thielmann, sinaida.thielmann@example.com, 29, female, greentiger632, remember
Sarah, Fowler, sarah.fowler@example.com, 62, female, brownostrich401, smiles
Agathe, Buene, agathe.buene@example.com, 28, female, yellowgorilla119, daytona
Coline, Rolland, coline.rolland@example.com, 34, female, crazydog286, sweet1
Pauline, Lucas, pauline.lucas@example.com, 74, female, heavyrabbit400, queenie
Pat, Sullivan, pat.sullivan@example.com, 67, male, organicfrog368, objects
Caitlin, Ford, caitlin.ford@example.com, 34, female, whiterabbit430, bears
شایان, زارعی, shyn.zraay@example.com, 25, male, organicwolf743, medusa
Daniel, Martin, daniel.martin@example.com, 66, male, bluelion267, zeppelin
Aleksander, Hanf, aleksander.hanf@example.com, 45, male, sadwolf223, dogboy
Ella, Bates, ella.bates@example.com, 23, female, happybutterfly164, gandalf
Samuel, Laakso, samuel.laakso@example.com, 40, male, organicswan943, kimberly
Stanley, Olson, stanley.olson@example.com, 54, male, purpledog771, shelter
Amelly, Campos, amelly.campos@example.com, 26, female, beautifulbutterfly339, hobbit
Max, das Neves, max.dasneves@example.com, 67, male, orangepanda320, prime
Caitlin, Hart, caitlin.hart@example.com, 60, female, yellowostrich251, moose
علی, احمدی, aaly.hmdy@example.com, 45, male, happytiger779, snapon
Alan, Ryan, alan.ryan@example.com, 51, male, organicelephant804, qwert1
Elin, Lopez, elin.lopez@example.com, 33, female, smallpeacock921, ticklish
Ida, Kristensen, ida.kristensen@example.com, 29, female, silvermouse727, drowssap
Hilla, Leppo, hilla.leppo@example.com, 65, female, organicleopard459, condom
Rita, Fowler, rita.fowler@example.com, 28, female, purplebutterfly721, modena
Leo, Harju, leo.harju@example.com, 33, male, whitemeercat479, player
Kristina, Perry, kristina.perry@example.com, 48, female, purpleelephant940, hotboy
Filippa, Poulsen, filippa.poulsen@example.com, 63, female, goldenbird818, spring
Theodore, Harris, theodore.harris@example.com, 26, male, crazybear970, usa123
سارا, احمدی, sr.hmdy@example.com, 59, female, goldenfrog202, dirt
Kristie, Van Dalfsen, kristie.vandalfsen@example.com, 55, female, goldenelephant353, mpegs
سینا, قاسمی, syn.qsmy@example.com, 61, male, bigbutterfly391, spice
Alexis, Clark, alexis.clark@example.com, 29, female, redsnake430, skyler
Roberta, Phillips, roberta.phillips@example.com, 26, female, purpleleopard177, miller
Issa, Elderhorst, issa.elderhorst@example.com, 33, male, happyladybug338, divx1
Jimmie, Roberts, jimmie.roberts@example.com, 26, male, goldentiger669, aaaaaa1
Aydan, Ultee, aydan.ultee@example.com, 72, male, happypeacock790, torres
Ringo, Costa, ringo.costa@example.com, 50, male, purplefish834, hurley
حامد, علیزاده, hmd.aalyzdh@example.com, 56, male, silverdog273, 789456
Pauline, Burton, pauline.burton@example.com, 62, female, bluekoala668, honey1
Diana, Bodin, diana.bodin@example.com, 34, female, happykoala191, 44444
Eve, Marie, eve.marie@example.com, 60, female, heavygoose221, wednesda
Emma, Singh, emma.singh@example.com, 48, female, biglion860, willis
Lotus, Franssen, lotus.franssen@example.com, 59, female, whitemouse160, tahoe
Leah, Tucker, leah.tucker@example.com, 61, female, smallgorilla734, chicago
Robert, Russell, robert.russell@example.com, 29, male, bluebear432, droopy
Eeli, Manninen, eeli.manninen@example.com, 47, male, lazycat663, br549
Leo, Ross, leo.ross@example.com, 76, male, angryladybug399, 1213
Evelina, Sævik, evelina.saevik@example.com, 36, female, organicelephant131, doodle
Daiani, da Conceição, daiani.daconceicao@example.com, 36, female, orangesnake644, hallo
اميرحسين, پارسا, myrhsyn.prs@example.com, 25, male, greenlion854, wapapapa
Luke, Lee, luke.lee@example.com, 45, male, crazygoose174, dance
Camilla, Garcia, camilla.garcia@example.com, 41, female, purpleleopard319, llllll
Adela, Verhelst, adela.verhelst@example.com, 51, female, sadgoose153, mike1
Giray, Tokgöz, giray.tokgoz@example.com, 35, male, silverleopard157, bigdawg
Julio, Masson, julio.masson@example.com, 75, male, heavydog125, volcano
Peter, Franklin, peter.franklin@example.com, 37, male, orangeleopard506, 757575
Jamile, Araújo, jamile.araujo@example.com, 62, female, beautifulcat215, martin1
Jorge, Harrison, jorge.harrison@example.com, 42, male, brownmeercat160, nang
Marinho, da Paz, marinho.dapaz@example.com, 71, male, browntiger197, teaser
Matilda, Kivi, matilda.kivi@example.com, 45, female, silverlion142, caitlin
Johanne, Christensen, johanne.christensen@example.com, 74, female, browncat368, 13131313
Emil, Moilanen, emil.moilanen@example.com, 32, male, tinyleopard539, ready
William, Jean-Baptiste, william.jean-baptiste@example.com, 41, male, goldengorilla135, 1221
Faisal, Langeler, faisal.langeler@example.com, 34, male, purplebutterfly426, 1212
Valdir, da Luz, valdir.daluz@example.com, 75, male, angrypanda386, wareagle
Tobias, Nielsen, tobias.nielsen@example.com, 42, male, whitebutterfly761, babylon5
Preben, Bakkerud, preben.bakkerud@example.com, 57, male, saddog619, marsh
Pérsio, Almeida, persio.almeida@example.com, 30, male, lazyzebra389, market
Femia, Vleugels, femia.vleugels@example.com, 72, female, orangesnake989, teenie
Andrea, Mortensen, andrea.mortensen@example.com, 45, female, silverswan114, qazxsw
Hassan, Grube, hassan.grube@example.com, 23, male, angryladybug507, stanford
Ute, Olivier, ute.olivier@example.com, 38, female, happyfish727, melody
Corinne, Ouali, corinne.ouali@example.com, 50, female, beautifullion724, riversid
Ali, Sözeri, ali.sozeri@example.com, 46, male, beautifulswan881, jojojo
Helmi, Kokko, helmi.kokko@example.com, 62, female, greenlion586, wasser
Stephen, Young, stephen.young@example.com, 38, male, whiteduck459, eight
Karla, Christiansen, karla.christiansen@example.com, 33, female, bigfish863, charly
Thor, Zuidam, thor.zuidam@example.com, 55, male, redpeacock599, hans
Rick, Sims, rick.sims@example.com, 51, male, whitedog556, avatar
Eeli, Kalm, eeli.kalm@example.com, 65, male, tinypanda309, mothers
Wiltrud, Käfer, wiltrud.kafer@example.com, 39, female, blackrabbit367, allison
Otto, Ylitalo, otto.ylitalo@example.com, 58, male, yellowmouse983, sergeant
Melânia, Jesus, melania.jesus@example.com, 27, female, purplebutterfly141, manuel
Julia, Shaw, julia.shaw@example.com, 32, female, sadbear641, badger
Angelika, Mercier, angelika.mercier@example.com, 60, female, greenbird429, hotone
Oscar, Garrido, oscar.garrido@example.com, 40, male, silverpanda425, scarface
Sarah, Butler, sarah.butler@example.com, 58, female, yellowrabbit322, playmate
Hedda, Hov, hedda.hov@example.com, 65, female, silverelephant520, slim
Sami, Tverå, sami.tvera@example.com, 51, male, silverduck873, boobed
William, Olsen, william.olsen@example.com, 34, male, blackostrich545, chao
Aurora, Peña, aurora.pena@example.com, 66, female, crazyostrich701, jane
Fiona, Marshall, fiona.marshall@example.com, 71, female, goldentiger952, puss
Ehrentraud, Schimanski, ehrentraud.schimanski@example.com, 42, female, yellowladybug214, noah
Neil, Carlson, neil.carlson@example.com, 44, male, silverrabbit795, lotus
Solan, Svanberg, solan.svanberg@example.com, 34, male, angryswan705, chargers
Genesis, Russell, genesis.russell@example.com, 47, female, ticklishelephant947, leonard
Nabor, Moura, nabor.moura@example.com, 59, male, yellowpeacock116, welcome1
Emily, Johnson, emily.johnson@example.com, 72, female, angrywolf531, dabomb
Isaque, Moura, isaque.moura@example.com, 55, male, crazyrabbit733, fighter
Samantha, Stevens, samantha.stevens@example.com, 32, female, lazybird335, jean
Candice, Harper, candice.harper@example.com, 39, female, orangeleopard263, maxwell1
Daryl, Davidson, daryl.davidson@example.com, 61, male, silvergoose114, swallow
Rosalyn, Henderson, rosalyn.henderson@example.com, 57, female, beautifulmouse279, tiffany1
Oscar, Ray, oscar.ray@example.com, 52, male, blackpeacock307, onions
Iina, Kotila, iina.kotila@example.com, 66, female, crazyleopard861, stratus
Bryan, Stone, bryan.stone@example.com, 22, male, organicpanda296, richard1
Alexandra, Ross, alexandra.ross@example.com, 28, female, biggorilla463, george1
Walesca, da Cruz, walesca.dacruz@example.com, 51, female, blackduck147, winger
Fabiola, Schmitt, fabiola.schmitt@example.com, 64, female, purplegorilla938, matthew1
Hedvig, Nyheim, hedvig.nyheim@example.com, 25, female, whitesnake413, ariane
Aitor, Fuentes, aitor.fuentes@example.com, 31, male, beautifulpanda658, scissors
Aurora, Gimenez, aurora.gimenez@example.com, 27, female, bigzebra247, metoo
Naser, Pierre, naser.pierre@example.com, 44, male, organicleopard873, newark
Ivan, Rojas, ivan.rojas@example.com, 31, male, orangefish552, 1919
Chloe, Patel, chloe.patel@example.com, 25, female, angryzebra360, kkkkkkkk
Emilio, Marin, emilio.marin@example.com, 30, male, brownladybug262, weasel
Marco, Lima, marco.lima@example.com, 58, male, organicgorilla225, grendel
Nalan, Bademci, nalan.bademci@example.com, 64, female, ticklishostrich644, fishin
Nellie, Henry, nellie.henry@example.com, 39, female, bigtiger907, bianca
Eldirene, Rezende, eldirene.rezende@example.com, 47, female, greenelephant914, patton
Mohamed, Torres, mohamed.torres@example.com, 62, male, lazyladybug911, pepper1
Matthias, Robin, matthias.robin@example.com, 69, male, lazyleopard258, barney
Sandro, Rodriguez, sandro.rodriguez@example.com, 57, male, purplegoose743, serious
June, Rehman, june.rehman@example.com, 54, female, bigpeacock262, ironman
Mattis, Tollefsen, mattis.tollefsen@example.com, 68, male, heavyrabbit904, woman
Stanley, Pearson, stanley.pearson@example.com, 34, male, purplelion630, nuclear
Ronnie, Thompson, ronnie.thompson@example.com, 38, male, lazypanda707, lesbain
Edgar, Morris, edgar.morris@example.com, 69, male, orangefrog990, 242424
Dilana, Eijgenraam, dilana.eijgenraam@example.com, 56, female, beautifultiger198, goodboy
Jen, Bates, jen.bates@example.com, 45, female, crazytiger161, sebastia
Alexis, Roy, alexis.roy@example.com, 69, male, heavyfrog345, yvette
Miguel, Gomez, miguel.gomez@example.com, 23, male, crazypeacock271, 121212
David, Kowalski, david.kowalski@example.com, 41, male, bigzebra407, vaughn
Yasemin, Demirel, yasemin.demirel@example.com, 39, female, purplebutterfly189, myrtle
Samuel, Hietala, samuel.hietala@example.com, 45, male, organicbear669, imagine
Kenan, Gümüşpala, kenan.gumuspala@example.com, 64, male, brownfish245, lumina
Leo, Joki, leo.joki@example.com, 28, male, tinyduck745, robotech
Valentine, Robert, valentine.robert@example.com, 35, female, ticklishpeacock449, serena
Lueli, da Mota, lueli.damota@example.com, 24, female, redelephant377, susanne
Jonathan, Hopkins, jonathan.hopkins@example.com, 24, male, heavybird892, locks
Mustafa, Akman, mustafa.akman@example.com, 41, male, silverwolf640, italia
Ariane, Ginnish, ariane.ginnish@example.com, 39, female, angryostrich924, polish
Sofie, Jørgensen, sofie.jorgensen@example.com, 43, female, tinysnake426, ballin
Lenni, Sippola, lenni.sippola@example.com, 38, male, lazybutterfly285, ejaculation
Rianka, Leeman, rianka.leeman@example.com, 25, female, tinykoala491, vanilla
Artur, Viana, artur.viana@example.com, 69, male, orangemouse984, dancing
Sherry, Lee, sherry.lee@example.com, 51, female, happyleopard631, priest
Chloe, Mitchelle, chloe.mitchelle@example.com, 66, female, goldenkoala298, harley1
Ines, Medina, ines.medina@example.com, 70, female, tinyleopard566, leeds
Laurits, Thuen, laurits.thuen@example.com, 46, male, brownbird990, monica
Owen, Park, owen.park@example.com, 72, male, crazytiger353, mylove
Eevi, Suomi, eevi.suomi@example.com, 64, female, purpleostrich407, season
Adina, Grønseth, adina.gronseth@example.com, 56, female, blackswan671, point
George, King, george.king@example.com, 57, male, goldenladybug938, butler
Giray, Akman, giray.akman@example.com, 47, male, beautifulmouse251, orange
Toni, Renaud, toni.renaud@example.com, 30, male, sadleopard760, butler
Neriman, Van der Borg, neriman.vanderborg@example.com, 31, female, blacktiger477, funstuff
Hermine, Diekmann, hermine.diekmann@example.com, 35, female, whitekoala781, prophet
Onni, Jarvinen, onni.jarvinen@example.com, 26, male, purpleostrich561, babycake
Amir, Lidal, amir.lidal@example.com, 32, male, sadpanda656, moonshin
Esat, Sezek, esat.sezek@example.com, 73, male, purplebutterfly649, 3333333
June, Rydland, june.rydland@example.com, 43, female, sadmouse631, lily
Topias, Makinen, topias.makinen@example.com, 47, male, beautifulfish841, marlene
Karla, Madsen, karla.madsen@example.com, 50, female, bigladybug950, welcome
Maike, Straube, maike.straube@example.com, 22, female, heavybird291, sasha1
Wesley, Jacobs, wesley.jacobs@example.com, 38, male, smallpeacock589, natural
Felix, Larsen, felix.larsen@example.com, 70, male, orangetiger189, broncos
Alan, Riviere, alan.riviere@example.com, 42, male, organicdog157, isaiah
Jose, Arnold, jose.arnold@example.com, 61, male, crazypanda148, beemer
Charlotte, Carpentier, charlotte.carpentier@example.com, 31, female, brownfrog500, pancake
Pihla, Lehto, pihla.lehto@example.com, 46, female, ticklishtiger491, 19841984
Lauri, Wirkkala, lauri.wirkkala@example.com, 55, male, silvercat627, screen
Gema, Benitez, gema.benitez@example.com, 31, female, beautifulbear486, knight1
Emmi, Perala, emmi.perala@example.com, 50, female, redtiger514, live
Alexandre, Li, alexandre.li@example.com, 66, male, ticklishelephant686, wedding
Nilza, Costa, nilza.costa@example.com, 57, female, brownzebra174, onion
Ahmet, Sezek, ahmet.sezek@example.com, 28, male, lazykoala613, unicorn
Léandro, Durand, leandro.durand@example.com, 49, male, lazybear331, tiburon
Koray, Akyürek, koray.akyurek@example.com, 24, male, orangefrog515, augustus
Liva, Kristensen, liva.kristensen@example.com, 30, female, tinyladybug433, lemons
Cristiaan, Baggerman, cristiaan.baggerman@example.com, 44, male, silverladybug618, lips
Nikola, Lemoine, nikola.lemoine@example.com, 33, male, goldenbird321, jiao
Elena, Garcia, elena.garcia@example.com, 31, female, crazyleopard387, harcore
Arthur, Evans, arthur.evans@example.com, 23, male, browngoose900, sabine
Soham, Collins, soham.collins@example.com, 65, male, silverleopard208, jelly
Katherine, Perkins, katherine.perkins@example.com, 70, female, sadlion938, wingman
Ali, Leroux, ali.leroux@example.com, 25, male, organiclion686, venus
Sophia, Sanchez, sophia.sanchez@example.com, 65, female, brownpeacock196, pumpkin
Alison, Stephens, alison.stephens@example.com, 57, female, whitepeacock265, punisher
Leon, Mccoy, leon.mccoy@example.com, 33, male, tinyfrog250, 4711
Evelyn, Sanchez, evelyn.sanchez@example.com, 43, female, lazyelephant284, huang
Peppi, Lampi, peppi.lampi@example.com, 65, female, heavywolf281, sesame
Eemil, Justi, eemil.justi@example.com, 36, male, yellowfish360, allgood
Andreas, Faure, andreas.faure@example.com, 69, male, orangecat439, 90210
Kaya, Moholt, kaya.moholt@example.com, 32, female, crazymouse941, 19841984
Viola, Lilleengen, viola.lilleengen@example.com, 59, female, redmouse966, viper1
Aymeric, Thomas, aymeric.thomas@example.com, 70, male, blackfish668, bottom
Alexander, Jean-Baptiste, alexander.jean-baptiste@example.com, 49, male, yellowmeercat360, northern
William, Mortensen, william.mortensen@example.com, 36, male, organicbutterfly652, synergy
Luzia, Moraes, luzia.moraes@example.com, 64, female, bluebutterfly484, turkey50
Susan, Day, susan.day@example.com, 66, female, heavyduck100, oscar1
Encarnacion, Aguilar, encarnacion.aguilar@example.com, 32, female, blackelephant717, sherri
Kasper, Rasmussen, kasper.rasmussen@example.com, 74, male, organicleopard829, stock
Sophie, Kowalski, sophie.kowalski@example.com, 33, female, beautifulduck505, munich
Oona, Karjala, oona.karjala@example.com, 41, female, silvercat460, ruth
Arttu, Wirta, arttu.wirta@example.com, 56, male, purplerabbit268, marcello
Louis, Gauthier, louis.gauthier@example.com, 48, male, bigdog270, locks
Marshall, Green, marshall.green@example.com, 31, male, orangerabbit234, 0123
Estéban, Marchand, esteban.marchand@example.com, 59, male, angrysnake274, kaiser
Max, Stevens, max.stevens@example.com, 75, male, bluegorilla541, merlin
مهراد, احمدی, mhrd.hmdy@example.com, 75, male, yellowbird852, berger
Isadora, Pereira, isadora.pereira@example.com, 27, female, ticklishzebra119, mamas
Jacob, Wegner, jacob.wegner@example.com, 39, male, yellowsnake330, campbell
Celísio, Costa, celisio.costa@example.com, 54, male, greenfrog172, griffin
Malik, Schmitt, malik.schmitt@example.com, 58, male, crazygoose839, catalina
Bertha, Wilson, bertha.wilson@example.com, 25, female, orangeleopard421, city
Oya, Atakol, oya.atakol@example.com, 28, female, beautifulmeercat272, 123789
Tommy, Nguyen, tommy.nguyen@example.com, 41, male, blackbird248, roller
Nikola, Mair, nikola.mair@example.com, 37, male, happyladybug607, mikey
Abby, Carroll, abby.carroll@example.com, 60, female, blackgorilla881, hardware
Ronnie, Fields, ronnie.fields@example.com, 29, male, organiczebra613, tommyboy
Wayne, White, wayne.white@example.com, 68, male, goldenlion548, r2d2c3po
Phyllis, Chambers, phyllis.chambers@example.com, 22, female, crazykoala368, flint
Phil, Douglas, phil.douglas@example.com, 67, male, heavyostrich434, lagnaf
Levi, Castillo, levi.castillo@example.com, 33, male, yellowwolf797, anaconda
Avery, Gagné, avery.gagne@example.com, 41, female, orangemouse356, foobar
Eibertje, Schut, eibertje.schut@example.com, 63, female, bigpeacock583, meatloaf
Mar, Suarez, mar.suarez@example.com, 75, female, happydog174, bengals
Katherine, Morris, katherine.morris@example.com, 30, female, purplebutterfly354, &amp
Ömür, Avan, omur.avan@example.com, 39, female, whiteostrich473, lacrosse
Clyde, Evans, clyde.evans@example.com, 34, male, beautifulwolf291, spartans
Ryder, Morin, ryder.morin@example.com, 62, male, orangebear603, clay
Noélie, Lecomte, noelie.lecomte@example.com, 66, female, greenzebra382, these
Noah, Côté, noah.cote@example.com, 72, male, bluewolf255, midway
Luan, Fernandez, luan.fernandez@example.com, 27, male, blackbutterfly982, rockets
Hailey, Burke, hailey.burke@example.com, 62, female, bigbutterfly592, kuan
Amanda, Leinonen, amanda.leinonen@example.com, 49, female, whitebear348, artemis
Holly, Payne, holly.payne@example.com, 22, female, tinysnake458, student
Miro, Ter Avest, miro.teravest@example.com, 32, male, heavyfish813, trustme
Caroline, Franklin, caroline.franklin@example.com, 48, female, smallgoose758, moocow
Luit, Wiegman, luit.wiegman@example.com, 61, male, greenrabbit938, riversid
Willow, White, willow.white@example.com, 69, female, greengorilla317, bear
Anders, Leenheer, anders.leenheer@example.com, 37, male, ticklishwolf651, nuclear
Ines, Vidal, ines.vidal@example.com, 48, female, purpleostrich583, sunny
Marvin, Dean, marvin.dean@example.com, 68, male, silverpanda322, frosch
Habibe, Hesse, habibe.hesse@example.com, 30, female, tinyladybug687, stock
Atão, Peixoto, atao.peixoto@example.com, 39, male, angryrabbit626, pornographic
اميرمحمد, سهيلي راد, myrmhmd.shylyrd@example.com, 57, male, bluefish594, mike1
Jesus, Hall, jesus.hall@example.com, 27, male, ticklishsnake769, mothers
Denise, Coleman, denise.coleman@example.com, 45, female, smallbutterfly211, shui
Darryl, Warren, darryl.warren@example.com, 36, male, purplepanda724, rich
Amy, Ward, amy.ward@example.com, 36, female, purplepeacock889, nwo4life
Henning, Stöhr, henning.stohr@example.com, 56, male, lazyostrich981, earl
Bobbie, Campbell, bobbie.campbell@example.com, 50, female, saddog993, dutchess
Russell, King, russell.king@example.com, 24, male, goldenleopard974, plymouth
Hendrik, Gebel, hendrik.gebel@example.com, 75, male, brownfish351, asgard
Ece, Pektemek, ece.pektemek@example.com, 44, female, greenzebra532, alatam
حامد, صدر, hmd.sdr@example.com, 36, male, tinypeacock789, sullivan
Harry, Johnson, harry.johnson@example.com, 66, male, heavymouse436, goodluck
Diego, Garcia, diego.garcia@example.com, 46, male, bluegorilla389, avalanch
Oliver, Sele, oliver.sele@example.com, 23, male, greenswan596, robocop
Erin, Banks, erin.banks@example.com, 33, female, bigbear840, zhuai
Adrian, Watkins, adrian.watkins@example.com, 28, male, beautifulpeacock933, 898989
Roope, Toro, roope.toro@example.com, 64, male, bluefish297, zippy
Toivo, Keto, toivo.keto@example.com, 69, male, redmouse804, whale
Maria, Cruz, maria.cruz@example.com, 71, female, greenbutterfly993, sprinter
اميرمحمد, سهيلي راد, myrmhmd.shylyrd@example.com, 68, male, goldenkoala297, smiley
Alena, Goudzwaard, alena.goudzwaard@example.com, 45, female, greenladybug686, mann
Ataíde, Sales, ataide.sales@example.com, 55, male, blacklion386, admiral
Carmen, Simmons, carmen.simmons@example.com, 25, female, goldenelephant625, freddie
Magnus, Jensen, magnus.jensen@example.com, 56, male, sadsnake395, champs
Ellen, Sippola, ellen.sippola@example.com, 65, female, whitepeacock462, pelican
Marianne, Kahle, marianne.kahle@example.com, 64, female, redfish977, met2002
Jon, Perkins, jon.perkins@example.com, 37, male, silvermeercat416, rocket
Eduardo, Butler, eduardo.butler@example.com, 41, male, heavybutterfly745, badman
Samuel, Koski, samuel.koski@example.com, 59, male, smallleopard141, cumshot
پارمیس, حیدری, prmys.hydry@example.com, 66, female, greenwolf134, bogart
Alexis, Miller, alexis.miller@example.com, 34, female, goldenpeacock122, bluebird
Leo, Hall, leo.hall@example.com, 48, male, blackduck547, master
Sophie, Johnson, sophie.johnson@example.com, 52, female, whitegoose314, fredfred
Oya, Aykaç, oya.aykac@example.com, 24, female, ticklishostrich831, fick
رهام, محمدخان, rhm.mhmdkhn@example.com, 27, male, greenbutterfly591, pitbull
رادین, زارعی, rdyn.zraay@example.com, 43, male, whiteostrich804, toto
Irma, Fernandez, irma.fernandez@example.com, 53, female, smallmeercat128, sixpack
Francisca, Nguyen, francisca.nguyen@example.com, 46, female, greencat496, ttttt
Marlene, Fuller, marlene.fuller@example.com, 57, female, whitekoala839, leonard
Alice, Russell, alice.russell@example.com, 63, female, greenpeacock911, cheshire
Theodore, Walker, theodore.walker@example.com, 48, male, yellowgoose178, shearer
Michael, Kvilhaug, michael.kvilhaug@example.com, 53, male, saddog189, helen
Milian, Ommundsen, milian.ommundsen@example.com, 29, male, ticklishkoala895, mermaid
Seth, Stone, seth.stone@example.com, 71, male, beautifulbear928, spiral
Allan, Hoffman, allan.hoffman@example.com, 55, male, crazyzebra796, sally
Felix, Claire, felix.claire@example.com, 32, male, biggoose406, jersey
Patsy, Byrd, patsy.byrd@example.com, 68, female, lazybear326, pisces
Mocinha, Rocha, mocinha.rocha@example.com, 67, female, redmouse648, lola
Julien, Denis, julien.denis@example.com, 59, male, goldenzebra101, yoda
Eileen, Selstad, eileen.selstad@example.com, 55, female, lazywolf307, br0d3r
Alexandrino, Rodrigues, alexandrino.rodrigues@example.com, 53, male, redbird474, misfit
Kelly, Harris, kelly.harris@example.com, 74, male, sadostrich105, cong
Luis, Richard, luis.richard@example.com, 31, male, redswan190, chris1
Judith, Vargas, judith.vargas@example.com, 43, female, heavysnake120, funny
Patricia, Cabrera, patricia.cabrera@example.com, 38, female, angrylion684, gateway
Lily, Lopez, lily.lopez@example.com, 65, female, beautifuldog728, 5678
Margarita, Thomas, margarita.thomas@example.com, 36, female, ticklishswan966, costello
Rayan, Olivier, rayan.olivier@example.com, 66, male, bigswan104, jake
Isobel, Taylor, isobel.taylor@example.com, 60, female, beautifulbird917, sand
Kerim, Poçan, kerim.pocan@example.com, 60, male, redmouse731, bailey
Anna, Johnston, anna.johnston@example.com, 74, female, redladybug213, 191919
Rachel, Arnold, rachel.arnold@example.com, 55, female, sadbird543, hearts
Malik, Harcourt, malik.harcourt@example.com, 76, male, greentiger430, vintage
Billy, Murray, billy.murray@example.com, 25, male, greenrabbit878, finish
Leslie, Roberts, leslie.roberts@example.com, 38, female, whiteelephant525, meatloaf
Samu, Rantanen, samu.rantanen@example.com, 50, male, blackelephant942, club
Volkan, Sandalcı, volkan.sandalci@example.com, 48, male, goldenmouse120, kittens
Greg, Pierce, greg.pierce@example.com, 61, male, angrymouse318, bogart
Lewis, Li, lewis.li@example.com, 25, male, bluemeercat483, 1701
Nicoline, Olsen, nicoline.olsen@example.com, 47, female, beautifulwolf206, perry
Kate, Dean, kate.dean@example.com, 32, female, yellowbird499, eddie1
Maëlyne, Mathieu, maelyne.mathieu@example.com, 75, female, heavybird623, gallaries
Chloe, Smith, chloe.smith@example.com, 26, female, happybear439, punkrock
Benjamin, Roberts, benjamin.roberts@example.com, 69, male, silverfrog697, homepage
Elli, Heino, elli.heino@example.com, 41, female, blueduck323, 000007
Mustafa, Scheffler, mustafa.scheffler@example.com, 69, male, sadostrich625, ilikeit
Becky, Lynch, becky.lynch@example.com, 35, female, happycat567, wassup
Niklas, Annala, niklas.annala@example.com, 34, male, tinyostrich981, tobias
Jenny, Holland, jenny.holland@example.com, 71, female, smalldog103, snapper
Joseph, Martin, joseph.martin@example.com, 44, male, crazyfrog340, casanova
Elin, Fremstad, elin.fremstad@example.com, 54, female, whitebutterfly500, stone55
Andy, Thomas, andy.thomas@example.com, 35, male, purpleostrich253, bubbas
Anette, Molund, anette.molund@example.com, 54, female, biggoose351, mnbv
Shannon, Jenkins, shannon.jenkins@example.com, 75, female, blackgoose972, chivas
Judy, Foster, judy.foster@example.com, 72, female, purplemeercat269, manila
Einar, Vikøren, einar.vikoren@example.com, 57, male, beautifulgoose153, domino
Bettina, Strobel, bettina.strobel@example.com, 54, female, whitegorilla298, anthrax
Elmer, Shelton, elmer.shelton@example.com, 51, male, happytiger361, potter
Lokman, Legerstee, lokman.legerstee@example.com, 73, male, redlion401, cyclone
Kaylee, Cook, kaylee.cook@example.com, 45, female, ticklishleopard851, dana
Vilho, Lehtinen, vilho.lehtinen@example.com, 37, male, organicbird577, lang
Suzimara, da Cruz, suzimara.dacruz@example.com, 59, female, redelephant191, 098765
Laír, Peixoto, lair.peixoto@example.com, 61, female, bluedog962, 4ever
Tálio, da Paz, talio.dapaz@example.com, 37, male, organicgorilla827, yankees
Mehdi, Garcia, mehdi.garcia@example.com, 33, male, whiteswan782, roland
Josh, Hart, josh.hart@example.com, 55, male, orangefish447, estrella
Rui, Pires, rui.pires@example.com, 41, male, bigmeercat402, 19841984
Terezinha, Souza, terezinha.souza@example.com, 68, female, smallmouse455, wolverin
پریا, زارعی, pry.zraay@example.com, 33, female, blueduck303, oakland
Lea, Madsen, lea.madsen@example.com, 46, female, goldengorilla714, letter
Buse, Kaplangı, buse.kaplangi@example.com, 39, female, greengoose131, bernie
Gül, Erberk, gul.erberk@example.com, 43, female, redrabbit859, arlene
Dieuwke, Vogelzang, dieuwke.vogelzang@example.com, 49, female, greenostrich934, curtis
Gloria, Lozano, gloria.lozano@example.com, 64, female, angrymouse438, edward1
Brayden, Craig, brayden.craig@example.com, 42, male, purpledog127, dogdog
Callum, Balkema, callum.balkema@example.com, 29, male, lazyostrich389, popper
Hanny, Kasten, hanny.kasten@example.com, 22, female, bluegorilla339, troll
Heather, Jenkins, heather.jenkins@example.com, 45, female, greenkoala942, honey
Hermenegildo, Farias, hermenegildo.farias@example.com, 46, male, purplepanda772, bobbie
Mathias, Joly, mathias.joly@example.com, 31, male, angryladybug983, golfgolf
Jacob, Hart, jacob.hart@example.com, 61, male, heavyzebra388, toaster
Priska, Marchand, priska.marchand@example.com, 63, female, lazymeercat300, dumb
Cecil, Simmmons, cecil.simmmons@example.com, 44, male, crazybird238, tony
Robert, Johnson, robert.johnson@example.com, 54, male, crazyfrog964, maxim
Teja, Silva, teja.silva@example.com, 56, female, tinyfrog817, sandman
Tracy, Romero, tracy.romero@example.com, 31, female, blueleopard423, access
Oona, Aalto, oona.aalto@example.com, 24, female, organicmouse727, angelus
آنیتا, قاسمی, anyt.qsmy@example.com, 36, female, greenleopard399, children
Floyd, Fowler, floyd.fowler@example.com, 60, male, bigbutterfly577, redeye
Elpídio, Silveira, elpidio.silveira@example.com, 63, male, whitewolf802, peaches
Felix, Martinez, felix.martinez@example.com, 61, male, silvertiger473, force
Dean, Lewis, dean.lewis@example.com, 24, male, bigsnake542, danny
Julieta, Barros, julieta.barros@example.com, 49, female, redrabbit853, qwert
Benjamin, Thompson, benjamin.thompson@example.com, 71, male, happymeercat309, quartz
Derrick, Hill, derrick.hill@example.com, 64, male, tinykoala235, abc12345
Max, Blankestijn, max.blankestijn@example.com, 22, male, orangesnake906, kimmie
Cerilânia, Rocha, cerilania.rocha@example.com, 34, female, ticklishzebra488, suckme
Sophia, Thompson, sophia.thompson@example.com, 34, female, organicladybug279, dhip6a
Aada, Nevala, aada.nevala@example.com, 58, female, heavylion544, serious
آراد, پارسا, ard.prs@example.com, 52, male, silverrabbit851, waldo
هلیا, پارسا, hly.prs@example.com, 45, female, crazylion392, nygiants
Frida, Christiansen, frida.christiansen@example.com, 37, female, smallmeercat387, sergio
Sven, Duwe, sven.duwe@example.com, 22, male, goldenostrich789, sharp
Veronica, Lozano, veronica.lozano@example.com, 37, female, sadgoose787, winter1
Isaac, Holland, isaac.holland@example.com, 47, male, goldenostrich466, queens
Kate, Wang, kate.wang@example.com, 48, female, tinyfish927, giant
Enzo, Castro, enzo.castro@example.com, 69, male, brownbird155, emily
Eckhardt, Vogl, eckhardt.vogl@example.com, 30, male, silverbear267, destroy
Victoria, Petersen, victoria.petersen@example.com, 23, female, tinyostrich684, tuesday
Sarah, Roos, sarah.roos@example.com, 43, female, crazyfish430, capital
سهیل, محمدخان, shyl.mhmdkhn@example.com, 64, male, sadpeacock594, boobed
Lotta, Saari, lotta.saari@example.com, 54, female, crazykoala464, hotred
Amelie, Lopez, amelie.lopez@example.com, 43, female, whitezebra654, leonard
كيان, نجاتی, kyn.njty@example.com, 65, male, heavysnake394, karma
Lauren, George, lauren.george@example.com, 42, female, purplemouse640, pearson
Konstantinos, Wilk, konstantinos.wilk@example.com, 74, male, yellowtiger593, spurs1
Korinna, Christmann, korinna.christmann@example.com, 24, female, tinypanda685, nopass
Leona, Rolland, leona.rolland@example.com, 62, female, crazytiger466, honeys
Norman, Lawrence, norman.lawrence@example.com, 41, male, blackfish677, dragonba
Lana, Deschamps, lana.deschamps@example.com, 49, female, bluebutterfly886, romano
Clyde, Hanson, clyde.hanson@example.com, 55, male, biggorilla168, sphinx
Grácio, Farias, gracio.farias@example.com, 22, male, crazyostrich962, italia
آدرینا, کامروا, adryn.khmrw@example.com, 39, female, smallbutterfly248, tarheel
Hector, Gimenez, hector.gimenez@example.com, 50, male, blackfish179, puppydog
Lyna, Lopez, lyna.lopez@example.com, 68, female, redbird635, indians
Thibaut, Berger, thibaut.berger@example.com, 32, male, bigpanda450, soprano
Sebastian, Jensen, sebastian.jensen@example.com, 44, male, orangeostrich637, starter
Mia, George, mia.george@example.com, 53, female, sadbutterfly400, shoes
Seth, Jones, seth.jones@example.com, 28, male, whitebird179, chinook
Jared, Reid, jared.reid@example.com, 66, male, organicleopard340, randy
Lasse, Hallan, lasse.hallan@example.com, 27, male, blueswan664, bulldogs
Linda, Anderson, linda.anderson@example.com, 71, female, lazyfish628, casanova
Fred, Perkins, fred.perkins@example.com, 25, male, lazywolf798, met2002
Theodore, Mccoy, theodore.mccoy@example.com, 44, male, yellowpeacock102, hughes
Shane, Murray, shane.murray@example.com, 44, male, redlion747, cumming
Leo, Njærheim, leo.njaerheim@example.com, 41, male, blueelephant823, comet
Jasmine, Margaret, jasmine.margaret@example.com, 49, female, blueladybug241, manman
Ray, Russell, ray.russell@example.com, 38, male, ticklishdog565, sunny1
Caroline, Scheurwater, caroline.scheurwater@example.com, 64, female, bluefrog111, shannon1
Jonathan, Jørgensen, jonathan.jorgensen@example.com, 43, male, greensnake717, 1003
رونیکا, نجاتی, rwnykh.njty@example.com, 69, female, sadpanda724, start
Jasmine, Moore, jasmine.moore@example.com, 53, female, organickoala553, diana
Hannah, Wood, hannah.wood@example.com, 52, female, happydog951, buffa
Emma, Park, emma.park@example.com, 42, female, heavybear855, treetop
Jascha, Schuurman, jascha.schuurman@example.com, 22, male, saddog870, manning
Ruben, Hognestad, ruben.hognestad@example.com, 36, male, smallladybug184, gotham
Elvira, Hubert, elvira.hubert@example.com, 31, female, heavyladybug238, wally
Judith, Hall, judith.hall@example.com, 42, female, beautifulcat340, 11112222
Alexander, Côté, alexander.cote@example.com, 27, male, happylion235, zephyr
Jesse, Jutila, jesse.jutila@example.com, 61, male, crazygorilla921, federico
Millie, Evans, millie.evans@example.com, 41, female, saddog380, longjohn
Diana, Ray, diana.ray@example.com, 59, female, beautifulmouse168, peterbil
Marilde, Duarte, marilde.duarte@example.com, 54, female, crazysnake821, 362436
Oğuzhan, Karaer, oguzhan.karaer@example.com, 56, male, blackbutterfly142, amsterda
Kate, May, kate.may@example.com, 60, female, bigpeacock158, biggles
Heraldo, Martins, heraldo.martins@example.com, 49, male, goldenpeacock463, harold
Arnold, Metz, arnold.metz@example.com, 71, male, bluebird425, jumbo
Jack, Bélanger, jack.belanger@example.com, 52, male, ticklishbird917, hassan
Georgia, Gomez, georgia.gomez@example.com, 45, female, goldenmouse297, africa
Bernice, Morales, bernice.morales@example.com, 56, female, angrybutterfly694, telefon
Raquel, Martin, raquel.martin@example.com, 41, female, blackgorilla582, catcher
Michail, Arendt, michail.arendt@example.com, 54, male, greenleopard496, 1999
محمد, حسینی, mhmd.hsyny@example.com, 41, male, sadleopard484, purdue
Mathea, Krohn, mathea.krohn@example.com, 62, female, lazylion748, booger
تینا, نجاتی, tyn.njty@example.com, 61, female, purplefish502, bobbob
Victoria, Christensen, victoria.christensen@example.com, 25, female, organicswan469, beater
Lilja, Lampi, lilja.lampi@example.com, 30, female, ticklishgoose753, 21212121
Verena, Hilgers, verena.hilgers@example.com, 31, female, heavyladybug499, volkswag
Isabelle, Mills, isabelle.mills@example.com, 23, female, crazymeercat655, jezebel
Eino, Wirtanen, eino.wirtanen@example.com, 65, male, lazypanda654, bama
Isabelle, King, isabelle.king@example.com, 25, female, organicleopard930, yzerman
Hans-Karl, Drees, hans-karl.drees@example.com, 45, male, yellowwolf659, dirk
Daniel, Rödel, daniel.rodel@example.com, 53, male, whitepanda979, thelma
Roope, Neva, roope.neva@example.com, 42, male, lazypanda973, sunny
Deniz, Çağıran, deniz.cagiran@example.com, 38, female, tinygoose712, fandango
Abbie, Thompson, abbie.thompson@example.com, 32, female, orangefish299, flip
Jaroslav, Meister, jaroslav.meister@example.com, 63, male, smalllion486, tomorrow
Anthony, Krüger, anthony.kruger@example.com, 43, male, beautifulfish360, herewego
Özsu, Elmastaşoğlu, ozsu.elmastasoglu@example.com, 52, female, tinygorilla399, sasha1
Alexandre, Bonnet, alexandre.bonnet@example.com, 27, male, goldenlion440, jessica1
Alejandro, Castillo, alejandro.castillo@example.com, 38, male, lazypeacock708, encore
Craig, Ortiz, craig.ortiz@example.com, 41, male, organicmouse308, doubled
Barb, Byrd, barb.byrd@example.com, 39, female, smallpeacock290, gregor
Andréa, Mercier, andrea.mercier@example.com, 23, female, goldenostrich728, maggot
Katrine, Jensen, katrine.jensen@example.com, 44, female, blueleopard619, 1953
Marilena, Pinto, marilena.pinto@example.com, 40, female, tinybutterfly340, bomber
Lee, Little, lee.little@example.com, 59, male, bluelion696, calvin
Aria, Thomas, aria.thomas@example.com, 39, female, ticklishleopard523, murder
Nélson, da Costa, nelson.dacosta@example.com, 69, male, brownwolf250, rich
Romarilda, Vieira, romarilda.vieira@example.com, 68, female, angryduck133, cobras
Connor, Lee, connor.lee@example.com, 55, male, bigostrich560, maxell
Eva, Wilson, eva.wilson@example.com, 47, female, whitepeacock391, niceguy
سینا, موسوی, syn.mwswy@example.com, 50, male, goldenleopard910, figaro
Rose, Brown, rose.brown@example.com, 54, female, bigbird869, welder
Heiko, Lamm, heiko.lamm@example.com, 68, male, tinyzebra810, celeb
مهرسا, مرادی, mhrs.mrdy@example.com, 25, female, heavymeercat174, mini
Julius, Kalm, julius.kalm@example.com, 34, male, heavyduck495, sleep
Alma, Jensen, alma.jensen@example.com, 63, female, ticklishmeercat749, mushroom
Nooa, Lammi, nooa.lammi@example.com, 34, male, purplelion830, jeter2
Adam, Simmmons, adam.simmmons@example.com, 37, male, angrybear387, purple
Caitlin, Holland, caitlin.holland@example.com, 23, female, goldenpeacock240, forget
Mitchell, Patterson, mitchell.patterson@example.com, 38, male, bluelion185, 7779311
Nihal, Sepetçi, nihal.sepetci@example.com, 48, male, organicsnake140, usmarine
Catalina, Gulikers, catalina.gulikers@example.com, 66, female, tinyswan606, banner
Chris, Rivera, chris.rivera@example.com, 51, male, organicpeacock510, qwerasdf
Abbie, Coleman, abbie.coleman@example.com, 52, female, bluebird987, stretch
Elif, Düşenkalkar, elif.dusenkalkar@example.com, 57, female, angrymouse491, nuclear
Jack, Campbell, jack.campbell@example.com, 44, male, blackpeacock168, rivers
Giray, Aclan, giray.aclan@example.com, 25, male, blueduck693, hoover
Carmen, Powell, carmen.powell@example.com, 48, female, beautifulrabbit607, corona
Isobel, Davies, isobel.davies@example.com, 67, female, yellowtiger522, 123789
Dioclécia, Pinto, dioclecia.pinto@example.com, 66, female, beautifulmeercat871, macaroni
Troy, Lane, troy.lane@example.com, 60, male, orangebear829, darius
Zachary, White, zachary.white@example.com, 46, male, happyostrich349, snickers
Nazário, Moreira, nazario.moreira@example.com, 65, male, whitegoose978, rainman
Tristan, Ennis, tristan.ennis@example.com, 34, male, heavytiger189, city
Sacha, Berger, sacha.berger@example.com, 28, male, whitebutterfly248, yyyyyyy
Margarita, Herrera, margarita.herrera@example.com, 64, female, greenduck974, glennwei
Salemo, Nunes, salemo.nunes@example.com, 66, male, biggorilla220, rotten
Nihal, Yorulmaz, nihal.yorulmaz@example.com, 61, male, organicbear942, 120676
Jayden, Solum, jayden.solum@example.com, 55, male, greenleopard264, misfit
William, Meyer, william.meyer@example.com, 56, male, organiczebra191, huskies
Encarnacion, Vazquez, encarnacion.vazquez@example.com, 62, female, organicpeacock368, load
Adriana, Vega, adriana.vega@example.com, 32, female, heavygoose139, driven
Lucas, Torres, lucas.torres@example.com, 65, male, goldencat631, handball
Jessika, Wuttke, jessika.wuttke@example.com, 36, female, lazyleopard778, loretta
Olav, Vollan, olav.vollan@example.com, 74, male, bluecat580, nature
Douglas, Lynch, douglas.lynch@example.com, 71, male, ticklishcat804, punch
Owen, Craig, owen.craig@example.com, 64, male, angrypanda550, darryl
Mille, Christensen, mille.christensen@example.com, 61, male, redmouse410, maestro
Bjarn, Van Brenk, bjarn.vanbrenk@example.com, 73, male, organicmouse654, darling
Liam, Grewal, liam.grewal@example.com, 74, male, crazyfrog609, johann
Tessa, Aubert, tessa.aubert@example.com, 61, female, happyrabbit231, ssssss
اميرعلي, كامياران, myraaly.kmyrn@example.com, 39, male, ticklishkoala598, security
Virgil, Vargas, virgil.vargas@example.com, 26, male, brownmouse404, stayout
مرسانا, موسوی, mrsn.mwswy@example.com, 27, female, purplebear195, tina
Kiara, Andre, kiara.andre@example.com, 25, female, bluefish532, advance
Amelia, Shelton, amelia.shelton@example.com, 63, female, yellowmouse391, jonny
Tiara, Melo, tiara.melo@example.com, 35, female, organicrabbit545, cindy
Astrid, Petersen, astrid.petersen@example.com, 29, female, purpleleopard992, stupid
Max, Hughes, max.hughes@example.com, 48, male, smallladybug841, premium
Josep, Esteban, josep.esteban@example.com, 75, male, organickoala918, gromit
Harvey, Andrews, harvey.andrews@example.com, 22, male, bluewolf227, baron
Maud, Karlsrud, maud.karlsrud@example.com, 54, female, orangefrog499, emmett
Tess, Andre, tess.andre@example.com, 72, female, redbird195, beaver
Jordan, Davies, jordan.davies@example.com, 47, male, redbird366, benfica
پرنیا, رضایی, prny.rdyy@example.com, 43, female, blackmouse853, olive
Sedef, Sinanoğlu, sedef.sinanoglu@example.com, 45, female, beautifulmouse237, zack
Charly, Lefebvre, charly.lefebvre@example.com, 65, male, brownpeacock624, ramsey
Iiris, Toivonen, iiris.toivonen@example.com, 30, female, whitedog498, asterix
Milla, Halla, milla.halla@example.com, 52, female, sadbird522, catwoman
Brendan, Price, brendan.price@example.com, 54, male, sadlion856, concrete
Oliver, Salo, oliver.salo@example.com, 52, male, bluerabbit573, nomad
Marijana, Boyer, marijana.boyer@example.com, 32, female, purpleladybug853, hermes
Isabella, Lopez, isabella.lopez@example.com, 39, female, blueelephant893, ncc1701a
Joanna, Hellevik, joanna.hellevik@example.com, 73, female, sadlion715, city
Jay, Hunter, jay.hunter@example.com, 35, male, bluepanda115, powers
Charles, Reuter, charles.reuter@example.com, 57, male, silvergoose317, hookers
Beau, Harris, beau.harris@example.com, 56, male, organicfrog705, cassandr
Mercedes, Pastor, mercedes.pastor@example.com, 71, female, lazyelephant713, revolver
Landon, Ross, landon.ross@example.com, 62, male, smallpeacock212, blackie
Liva, Pedersen, liva.pedersen@example.com, 44, female, sadgoose709, pothead
Latife, Polat, latife.polat@example.com, 71, female, angryswan932, magic1
Noah, Poulsen, noah.poulsen@example.com, 36, male, bluesnake211, 1212
Edna, De Vlaming, edna.devlaming@example.com, 28, female, crazygorilla644, william
Noémie, Gagnon, noemie.gagnon@example.com, 55, female, greensnake874, jenjen
Nikola, Gautier, nikola.gautier@example.com, 61, male, lazyladybug202, sigma
Emrik, Hilstad, emrik.hilstad@example.com, 68, male, bigbutterfly270, wrestlin
Amy, Wells, amy.wells@example.com, 63, female, lazyswan201, jeeper
Marcus, Kristensen, marcus.kristensen@example.com, 61, male, purplecat608, goodbye
Finn, Patel, finn.patel@example.com, 23, male, greenleopard779, irene
Samuel, Keranen, samuel.keranen@example.com, 53, male, yellowgoose802, 1953
Allison, Nelson, allison.nelson@example.com, 54, female, orangedog464, sunlight
Aurélie, Garnier, aurelie.garnier@example.com, 54, female, greenduck148, voodoo
النا, کریمی, ln.khrymy@example.com, 31, female, greenbird165, nasty
Viggo, Nelson, viggo.nelson@example.com, 74, male, brownswan820, sigmar
Liam, Wright, liam.wright@example.com, 35, male, brownbird878, games
Bianka, Sailer, bianka.sailer@example.com, 62, female, silvermeercat761, martini
Dimas, Mendes, dimas.mendes@example.com, 47, male, crazybutterfly862, browning
Eveline, Simonis, eveline.simonis@example.com, 39, female, greenrabbit425, wrinkle1
Jasmine, Tremblay, jasmine.tremblay@example.com, 36, female, beautifulzebra154, avatar
Côme, Leroy, come.leroy@example.com, 32, male, bluebutterfly577, penguin
Liam, Thompson, liam.thompson@example.com, 73, male, tinyrabbit349, boots
Lucienne, Lefebvre, lucienne.lefebvre@example.com, 57, female, sadgoose164, volkswag
Megan, Mcdonalid, megan.mcdonalid@example.com, 47, female, sadbird729, ninja1
Mark, Beck, mark.beck@example.com, 63, male, beautifulgorilla594, trash
Izolita, Moreira, izolita.moreira@example.com, 69, female, tinybird170, woohoo
Daniel, Jackson, daniel.jackson@example.com, 43, male, bluebear364, woofer
Torje, Corneliussen, torje.corneliussen@example.com, 29, male, silvercat866, freepass
Tracy, Lee, tracy.lee@example.com, 36, female, yellowzebra486, animated
Jennifer, Mccoy, jennifer.mccoy@example.com, 54, female, happypeacock432, panthers
Clinton, Hughes, clinton.hughes@example.com, 38, male, angrybear920, handyman
Sara, Jensen, sara.jensen@example.com, 71, female, silversnake500, aardvark
Aiden, Liu, aiden.liu@example.com, 67, male, ticklishbutterfly365, animals
David, Jones, david.jones@example.com, 76, male, whitecat311, forum
Christian, Kristensen, christian.kristensen@example.com, 29, male, bluekoala359, onelove
Jennifer, Uthaug, jennifer.uthaug@example.com, 66, female, goldencat227, fingerig
علی, مرادی, aaly.mrdy@example.com, 68, male, blackleopard433, incubus
رهام, احمدی, rhm.hmdy@example.com, 44, male, angrypanda163, crew
Asta, Johansen, asta.johansen@example.com, 31, female, ticklishzebra492, noah
Elizabeth, Holmes, elizabeth.holmes@example.com, 48, female, yellowlion295, jake
Marilena, Moulin, marilena.moulin@example.com, 32, female, heavybutterfly220, ulysses
Efraïm, Nieuwenhuis, efraim.nieuwenhuis@example.com, 50, male, brownzebra122, 123qwe
Lester, Martinez, lester.martinez@example.com, 44, male, beautifulkoala161, bigbig
William, Andersen, william.andersen@example.com, 60, male, bluecat799, archange
Sergei, Voss, sergei.voss@example.com, 25, male, happygoose783, klaus
Hana, Langen, hana.langen@example.com, 48, female, smallrabbit798, 789789
Roy, Medina, roy.medina@example.com, 70, male, brownfish316, snow
Veronica, Høyer, veronica.hoyer@example.com, 41, female, blackbear650, jeremy1
Lee, Cox, lee.cox@example.com, 62, male, purplefrog559, ferguson
Jonas, Pedersen, jonas.pedersen@example.com, 74, male, ticklishwolf194, heidi
Inger, Aasebø, inger.aasebo@example.com, 58, female, whitebird379, moomoo
Alvin, Hunter, alvin.hunter@example.com, 48, male, brownmeercat908, ocean
Nora, Hylland, nora.hylland@example.com, 32, female, sadostrich650, hansen
Luz, Dominguez, luz.dominguez@example.com, 41, female, ticklishostrich637, johnson
Alma, Nicolas, alma.nicolas@example.com, 36, female, goldenpanda588, boobs
Sara, Sørensen, sara.sorensen@example.com, 35, female, crazyswan646, susanne
Frida, Rasmussen, frida.rasmussen@example.com, 42, female, bluetiger353, megan
Paolo, Vidal, paolo.vidal@example.com, 75, male, blueduck949, qwerty1
Eloïse, Leroux, eloise.leroux@example.com, 59, female, crazyostrich131, abnormal
Jonathan, Foster, jonathan.foster@example.com, 39, male, happypanda846, krypton
Jasmina, Kind, jasmina.kind@example.com, 70, female, orangesnake226, springs
Louis, Skår, louis.skar@example.com, 28, male, yellowpanda439, hawk
Matilda, Neva, matilda.neva@example.com, 45, female, greenmouse311, thedog
Kadir, Okumuş, kadir.okumus@example.com, 62, male, lazyfish482, 181818
Madeleine, Sieg, madeleine.sieg@example.com, 64, female, crazyfish307, thanatos
امیر, علیزاده, myr.aalyzdh@example.com, 71, male, heavytiger462, cobain
Joel, Laakso, joel.laakso@example.com, 56, male, sadwolf668, hawkeye
Valentine, Morel, valentine.morel@example.com, 22, female, heavyswan894, bigdaddy
Harald, Istad, harald.istad@example.com, 66, male, orangebear680, trojans
Jack, Chu, jack.chu@example.com, 68, male, yellowlion283, qwertyui
Lauren, Scott, lauren.scott@example.com, 28, female, purplefish329, garbage
Karina, Saß, karina.sass@example.com, 38, female, yellowgorilla333, klondike
Raymond, Nguyen, raymond.nguyen@example.com, 34, male, redostrich871, whiskers
Kerttu, Mattila, kerttu.mattila@example.com, 62, female, organicduck765, core
Liam, Smith, liam.smith@example.com, 66, male, orangeladybug952, tranny
Barb, Cruz, barb.cruz@example.com, 28, female, ticklishbutterfly407, pang
Giulio, Thomas, giulio.thomas@example.com, 27, male, happycat729, geng
Eva, Mcguinness, eva.mcguinness@example.com, 48, female, heavyswan831, flyboy
سام, موسوی, sm.mwswy@example.com, 44, male, blackzebra267, bella
Gül, Keseroğlu, gul.keseroglu@example.com, 61, female, brownmouse977, brianna
Marshall, Riley, marshall.riley@example.com, 52, male, beautifulgorilla800, dshade
Carlúcia, Duarte, carlucia.duarte@example.com, 57, female, angrybird749, looser
Louis, Martin, louis.martin@example.com, 50, male, silverdog129, macman
Brielle, Morin, brielle.morin@example.com, 29, female, brownlion420, allen
Mestan, Pektemek, mestan.pektemek@example.com, 39, female, sadbutterfly838, bobbie
بیتا, کریمی, byt.khrymy@example.com, 55, female, goldengorilla271, frost
Christoffer, Thomsen, christoffer.thomsen@example.com, 31, male, yellowtiger758, pancho
Natalie, Mitchelle, natalie.mitchelle@example.com, 43, female, heavygorilla660, heart
Hannes, Roy, hannes.roy@example.com, 53, male, brownbear596, marcello
Susie, Holmes, susie.holmes@example.com, 47, female, ticklishwolf808, dante
Archie, King, archie.king@example.com, 24, male, beautifulduck487, delaney
Waltraud, Roy, waltraud.roy@example.com, 40, female, purpletiger795, trance
Saima, Siemerink, saima.siemerink@example.com, 68, female, crazylion368, tazmania
Rosie, Porter, rosie.porter@example.com, 68, female, crazyladybug905, sarah
Kasper, Niskanen, kasper.niskanen@example.com, 66, male, angryelephant846, jaguars
Zara, Thomas, zara.thomas@example.com, 61, female, heavybutterfly958, jimmy1
Vanesa, Rojas, vanesa.rojas@example.com, 59, female, tinytiger665, tzpvaw
Ethan, Roux, ethan.roux@example.com, 53, male, crazypeacock967, tttttttt
Harry, Beck, harry.beck@example.com, 33, male, redswan959, eeyore
Emilis, Mahamed, emilis.mahamed@example.com, 75, male, smallmouse315, kittens
Deanna, Lucas, deanna.lucas@example.com, 52, female, angrysnake665, deutsch
Heidy, Morin, heidy.morin@example.com, 71, female, yellowpanda173, charlie123
Milena, da Cruz, milena.dacruz@example.com, 38, female, greendog798, barnes
Jackson, Robinson, jackson.robinson@example.com, 59, male, brownwolf662, gloria
Ayoub, Amundsen, ayoub.amundsen@example.com, 44, male, heavyladybug568, boobs
Roberto, Blanco, roberto.blanco@example.com, 71, male, sadladybug360, sniffing
Annabelle, Singh, annabelle.singh@example.com, 49, female, heavytiger461, rrrr
Javier, Rose, javier.rose@example.com, 31, male, redgorilla496, boating
Sibylle, Carpentier, sibylle.carpentier@example.com, 44, female, organictiger188, phillips
Amanda, Ojala, amanda.ojala@example.com, 56, female, blackmouse777, splinter
Killian, Niemeijer, killian.niemeijer@example.com, 71, male, greenpanda982, duane
Eleanor, Patterson, eleanor.patterson@example.com, 41, female, yellowbutterfly510, page
Albert, Horton, albert.horton@example.com, 64, male, goldenbear984, pizza1
Jon, George, jon.george@example.com, 41, male, goldencat425, benny1
Rich, Wade, rich.wade@example.com, 30, male, sadsnake215, freee
Elijah, Harper, elijah.harper@example.com, 50, male, redduck453, wert
Silvan, Guillot, silvan.guillot@example.com, 42, male, organicbear226, doris
Ali, Tanrıkulu, ali.tanrikulu@example.com, 40, male, bigpanda381, wanking
Clinton, Burton, clinton.burton@example.com, 42, male, browncat447, loveit
Freja, Jørgensen, freja.jorgensen@example.com, 35, female, ticklishduck902, nelson
Jerome, Simmmons, jerome.simmmons@example.com, 56, male, blackmeercat241, hunt
Marino, Mercier, marino.mercier@example.com, 63, male, brownbear461, incubus
Patsy, Robertson, patsy.robertson@example.com, 48, female, bluefish861, joshua
Matilda, Hatala, matilda.hatala@example.com, 37, female, bluewolf151, eleven
Jeremy, Bell, jeremy.bell@example.com, 65, male, purplefish245, micron
Iwona, Brill, iwona.brill@example.com, 63, female, goldenmeercat289, 2233
